dbSNP ID,Chromosome,Position,ref allele,minor allele (Alternative),minor allele,MAF
rs2024092,19,1124032,G,A,A // CEU /// A // CHB /// A // JPT /// A // YRI,0.2020 // CEU /// 0.1019 // CHB /// 0.2019 // JPT /// 0.3704 // YRI
rs17885785,11,2146620,C,T,T // CEU /// T // CHB /// T // JPT /// T // YRI,0.1869 // CEU /// 0.0340 // CHB /// 0.0096 // JPT /// 0.0000 // YRI
rs1182188,7,2830351,T,C,C // CEU /// C // CHB /// C // JPT /// C // YRI,0.2677 // CEU /// 0.1796 // CHB /// 0.1827 // JPT /// 0.1019 // YRI
rs114846446,2,2944140,G,A,A // CEU /// A // CHB /// A // JPT /// A // YRI,0.0051 // CEU /// 0.0000 // CHB /// 0.0000 // JPT /// 0.0000 // YRI
rs36051895,9,4981866,G,T,T // CEU /// T // CHB /// T // JPT /// T // YRI,0.3131 // CEU /// 0.2573 // CHB /// 0.3317 // JPT /// 0.0463 // YRI
rs7672495,4,4990640,T,C,C // CEU /// C // CHB /// C // JPT /// C // YRI,0.1515 // CEU /// 0.3884 // CHB /// 0.4519 // JPT /// 0.1991 // YRI
rs61839660,10,6052734,C,T,T // CEU /// T // CHB /// T // JPT /// T // YRI,0.0808 // CEU /// 0.0000 // CHB /// 0.0000 // JPT /// 0.0000 // YRI
rs706778,10,6056986,C,T,T // CEU /// C // CHB /// T // JPT /// T // YRI,0.4141 // CEU /// 0.3786 // CHB /// 0.4615 // JPT /// 0.4769 // YRI
rs2104286,10,6057082,T,C,C // CEU /// C // CHB /// C // JPT /// C // YRI,0.2424 // CEU /// 0.1019 // CHB /// 0.1394 // JPT /// 0.0093 // YRI
rs1860545,12,6337611,G,A,A // CEU /// A // CHB /// A // JPT /// A // YRI,0.4747 // CEU /// 0.1068 // CHB /// 0.1923 // JPT /// 0.0556 // YRI
rs7954567,12,6381959,G,A,A // CEU /// A // CHB /// A // JPT /// A // YRI,0.3333 // CEU /// 0.0631 // CHB /// 0.0337 // JPT /// 0.0417 // YRI
rs11616188,12,6393576,G,A,A // CEU /// A // CHB /// A // JPT /// A // YRI,0.4293 // CEU /// 0.0291 // CHB /// 0.0048 // JPT /// 0.0185 // YRI
rs3766606,1,7962137,G,T,T // CEU /// T // CHB /// T // JPT /// T // YRI,0.1616 // CEU /// 0.0728 // CHB /// 0.0769 // JPT /// 0.3426 // YRI
rs74956615,19,10317045,T,A,A // CEU /// A // CHB /// A // JPT /// A // YRI,0.0404 // CEU /// 0.0000 // CHB /// 0.0000 // JPT /// 0.0000 // YRI
rs12720356,19,10359299,A,C,C // CEU /// C // CHB /// C // JPT /// C // YRI,0.1061 // CEU /// 0.0000 // CHB /// 0.0000 // JPT /// 0.0000 // YRI
rs35164067,19,10414505,G,A,A // CEU /// A // CHB /// A // JPT /// A // YRI,0.1970 // CEU /// 0.4563 // CHB /// 0.3798 // JPT /// 0.1065 // YRI
rs62131887,19,10476920,C,T,T // CEU /// T // CHB /// C // JPT /// C // YRI,0.2424 // CEU /// 0.4951 // CHB /// 0.4567 // JPT /// 0.3843 // YRI
rs3776414,5,10689450,T,G,G // CEU /// T // CHB /// T // JPT /// T // YRI,0.4091 // CEU /// 0.2621 // CHB /// 0.2644 // JPT /// 0.2824 // YRI
rs367569,16,11271643,C,T,T // CEU /// T // CHB /// T // JPT /// T // YRI,0.2727 // CEU /// 0.1845 // CHB /// 0.0865 // JPT /// 0.3426 // YRI
rs61199332,8,11573132,C,T,T // CEU /// T // CHB /// T // JPT /// T // YRI,0.0152 // CEU /// 0.0000 // CHB /// 0.0000 // JPT /// 0.1713 // YRI
rs7042370,9,12785074,T,C,T // CEU /// C // CHB /// C // JPT /// T // YRI,0.4596 // CEU /// 0.3786 // CHB /// 0.3077 // JPT /// 0.3426 // YRI
rs1267499,6,14715651,T,C,T // CEU /// T // CHB /// T // JPT /// C // YRI,0.2172 // CEU /// 0.0631 // CHB /// 0.0865 // JPT /// 0.0648 // YRI
rs1326986,10,19640584,T,C,C // CEU /// C // CHB /// C // JPT /// C // YRI,0.0505 // CEU /// 0.0000 // CHB /// 0.0000 // JPT /// 0.0000 // YRI
rs4655215,1,19811221,T,C,T // CEU /// T // CHB /// T // JPT /// C // YRI,0.1919 // CEU /// 0.1990 // CHB /// 0.1875 // JPT /// 0.4954 // YRI
rs3806308,1,19816373,C,T,T // CEU /// T // CHB /// C // JPT /// T // YRI,0.3838 // CEU /// 0.4466 // CHB /// 0.4663 // JPT /// 0.2407 // YRI
rs6426833,1,19845367,G,A,G // CEU /// G // CHB /// G // JPT /// A // YRI,0.4798 // CEU /// 0.3058 // CHB /// 0.2019 // JPT /// 0.4583 // YRI
rs71559680,6,21430497,TAG,CAT,---,---
rs2266961,22,21574308,C,G,G // CEU /// G // CHB /// G // JPT /// G // YRI,0.1717 // CEU /// 0.3786 // CHB /// 0.3558 // JPT /// 0.0370 // YRI
rs2283790,22,21602364,A,G,G // CEU /// G // CHB /// G // JPT /// G // YRI,0.1768 // CEU /// 0.4466 // CHB /// 0.4615 // JPT /// 0.0972 // YRI
rs34920465,1,22373858,A,G,G // CEU /// G // CHB /// G // JPT /// A // YRI,0.1869 // CEU /// 0.2427 // CHB /// 0.2452 // JPT /// 0.4074 // YRI
rs7404095,16,23853269,T,C,T // CEU /// T // CHB /// T // JPT /// T // YRI,0.3687 // CEU /// 0.4612 // CHB /// 0.3558 // JPT /// 0.4352 // YRI
rs7552167,1,24192153,A,G,A // CEU /// A // CHB /// A // JPT /// A // YRI,0.1162 // CEU /// 0.2718 // CHB /// 0.1779 // JPT /// 0.0926 // YRI
rs13407913,2,24874775,A,G,G // CEU /// G // CHB /// G // JPT /// A // YRI,0.4343 // CEU /// 0.4563 // CHB /// 0.4231 // JPT /// 0.1019 // YRI
rs11249215,1,24970693,G,A,A // CEU /// G // CHB /// G // JPT /// A // YRI,0.4646 // CEU /// 0.4369 // CHB /// 0.4712 // JPT /// 0.2083 // YRI
rs17085007,13,26957130,T,C,C // CEU /// C // CHB /// C // JPT /// C // YRI,0.1515 // CEU /// 0.1990 // CHB /// 0.2115 // JPT /// 0.0648 // YRI
rs1260326,2,27508073,T,C,T // CEU /// C // CHB /// C // JPT /// T // YRI,0.4293 // CEU /// 0.4078 // CHB /// 0.4183 // JPT /// 0.1019 // YRI
rs10775412,17,27542007,A,C,C // CEU /// A // CHB /// A // JPT /// C // YRI,0.3081 // CEU /// 0.3592 // CHB /// 0.2356 // JPT /// 0.2454 // YRI
rs28998802,17,27797882,G,A,A // CEU /// A // CHB /// A // JPT /// A // YRI,0.1515 // CEU /// 0.0097 // CHB /// 0.0000 // JPT /// 0.0000 // YRI
rs12598357,16,28329624,A,G,G // CEU /// G // CHB /// G // JPT /// G // YRI,0.3737 // CEU /// 0.4126 // CHB /// 0.3413 // JPT /// 0.4259 // YRI
rs925255,2,28391927,C,T,T // CEU /// T // CHB /// T // JPT /// T // YRI,0.4545 // CEU /// 0.2427 // CHB /// 0.2500 // JPT /// 0.2500 // YRI
rs26528,16,28506388,T,C,C // CEU /// C // CHB /// C // JPT /// C // YRI,0.4192 // CEU /// 0.3738 // CHB /// 0.2885 // JPT /// 0.3148 // YRI
rs12928404,16,28835925,T,C,C // CEU /// C // CHB /// C // JPT /// T // YRI,0.3737 // CEU /// 0.4563 // CHB /// 0.4519 // JPT /// 0.4954 // YRI
rs140135,22,29767846,C,G,C // CEU /// C // CHB /// C // JPT /// C // YRI,0.2576 // CEU /// 0.1311 // CHB /// 0.0769 // JPT /// 0.0185 // YRI
rs2394250,6,29975879,G,T,G // CEU /// G // CHB /// T // JPT /// T // YRI,0.5000 // CEU /// 0.4078 // CHB /// 0.3029 // JPT /// 0.3380 // YRI
rs2050392,10,30402574,G,A,G // CEU /// A // CHB /// A // JPT /// A // YRI,0.3485 // CEU /// 0.4029 // CHB /// 0.3942 // JPT /// 0.0880 // YRI
rs11574938,16,30474072,G,C,G // CEU /// G // CHB /// G // JPT /// C // YRI,0.4545 // CEU /// 0.0291 // CHB /// 0.0096 // JPT /// 0.1620 // YRI
rs1870293,16,30959620,T,C,T // CEU /// T // CHB /// T // JPT /// T // YRI,0.2980 // CEU /// 0.0291 // CHB /// 0.1010 // JPT /// 0.4444 // YRI
rs6905036,6,31305369,T,C,C // CEU /// C // CHB /// C // JPT /// C // YRI,0.0455 // CEU /// 0.0049 // CHB /// 0.0000 // JPT /// 0.0787 // YRI
rs17192932,6,31354352,C,G,G // CEU /// G // CHB /// G // JPT /// G // YRI,0.0556 // CEU /// 0.0728 // CHB /// 0.1538 // JPT /// 0.0000 // YRI
rs7743761,6,31368323,C,A,A // CEU /// A // CHB /// A // JPT /// A // YRI,0.1768 // CEU /// 0.3301 // CHB /// 0.4038 // JPT /// 0.3426 // YRI
rs4463302,6,31375890,T,C,C // CEU /// C // CHB /// C // JPT /// C // YRI,0.0657 // CEU /// 0.0922 // CHB /// 0.1635 // JPT /// 0.0000 // YRI
rs116488202,6,31377139,C,T,T // CEU /// T // CHB /// T // JPT /// T // YRI,0.0303 // CEU /// 0.0049 // CHB /// 0.0000 // JPT /// 0.0000 // YRI
rs4349859,6,31398010,G,A,A // CEU /// A // CHB /// A // JPT /// A // YRI,0.0303 // CEU /// 0.0049 // CHB /// 0.0000 // JPT /// 0.0000 // YRI
rs4418214,6,31423624,T,C,C // CEU /// C // CHB /// C // JPT /// C // YRI,0.1010 // CEU /// 0.0485 // CHB /// 0.0096 // JPT /// 0.0602 // YRI
rs2844510,6,31442631,G,T,T // CEU /// T // CHB /// T // JPT /// T // YRI,0.1111 // CEU /// 0.0534 // CHB /// 0.0096 // JPT /// 0.1296 // YRI
rs4243971,20,32261714,T,G,T // CEU /// T // CHB /// T // JPT /// T // YRI,0.4848 // CEU /// 0.0097 // CHB /// 0.0000 // JPT /// 0.2222 // YRI
rs6058869,20,32760944,C,T,T // CEU /// C // CHB /// C // JPT /// C // YRI,0.3939 // CEU /// 0.1262 // CHB /// 0.0962 // JPT /// 0.1204 // YRI
rs12146962,14,32911892,T,C,C // CEU /// C // CHB /// C // JPT /// C // YRI,0.3788 // CEU /// 0.4078 // CHB /// 0.3894 // JPT /// 0.2870 // YRI
rs2284553,21,33404389,A,G,A // CEU /// A // CHB /// A // JPT /// A // YRI,0.4545 // CEU /// 0.4175 // CHB /// 0.2308 // JPT /// 0.0463 // YRI
rs9889296,17,34243528,G,A,A // CEU /// G // CHB /// G // JPT /// A // YRI,0.3232 // CEU /// 0.3544 // CHB /// 0.3558 // JPT /// 0.3843 // YRI
rs2812378,9,34710263,G,A,G // CEU /// G // CHB /// G // JPT /// G // YRI,0.3586 // CEU /// 0.0534 // CHB /// 0.0433 // JPT /// 0.4630 // YRI
rs34779708,10,35177257,T,G,G // CEU /// G // CHB /// G // JPT /// G // YRI,0.3535 // CEU /// 0.3350 // CHB /// 0.2596 // JPT /// 0.2269 // YRI
rs2075726,22,36914004,G,A,A // CEU /// G // CHB /// G // JPT /// A // YRI,0.4646 // CEU /// 0.4320 // CHB /// 0.3510 // JPT /// 0.1343 // YRI
rs7100025,10,37303610,G,A,G // CEU /// G // CHB /// G // JPT /// G // YRI,0.3788 // CEU /// 0.2039 // CHB /// 0.2212 // JPT /// 0.2454 // YRI
rs16967103,15,38606989,T,C,C // CEU /// C // CHB /// C // JPT /// C // YRI,0.2424 // CEU /// 0.0388 // CHB /// 0.0337 // JPT /// 0.3009 // YRI
rs395157,5,38867630,C,T,T // CEU /// T // CHB /// T // JPT /// T // YRI,0.4747 // CEU /// 0.2184 // CHB /// 0.2212 // JPT /// 0.4028 // YRI
rs9977672,21,39091357,G,A,A // CEU /// A // CHB /// A // JPT /// A // YRI,0.3081 // CEU /// 0.2184 // CHB /// 0.1538 // JPT /// 0.0648 // YRI
rs2242944,21,39093252,G,A,A // CEU /// A // CHB /// A // JPT /// G // YRI,0.4141 // CEU /// 0.4223 // CHB /// 0.4279 // JPT /// 0.1389 // YRI
rs2836882,21,39094644,G,A,A // CEU /// A // CHB /// A // JPT /// A // YRI,0.3131 // CEU /// 0.2184 // CHB /// 0.1635 // JPT /// 0.0694 // YRI
rs2836883,21,39094818,G,A,A // CEU /// A // CHB /// A // JPT /// A // YRI,0.3131 // CEU /// 0.2184 // CHB /// 0.1635 // JPT /// 0.0787 // YRI
rs378108,21,39097594,A,G,G // CEU /// G // CHB /// G // JPT /// G // YRI,0.4596 // CEU /// 0.4563 // CHB /// 0.4038 // JPT /// 0.1574 // YRI
rs2143178,22,39264824,T,C,C // CEU /// C // CHB /// C // JPT /// C // YRI,0.1566 // CEU /// 0.0388 // CHB /// 0.0192 // JPT /// 0.3889 // YRI
rs12232497,17,39883866,T,C,C // CEU /// C // CHB /// C // JPT /// C // YRI,0.4646 // CEU /// 0.3641 // CHB /// 0.3125 // JPT /// 0.0602 // YRI
rs17466626,12,40366829,A,G,G // CEU /// G // CHB /// G // JPT /// G // YRI,0.0101 // CEU /// 0.0049 // CHB /// 0.0144 // JPT /// 0.0000 // YRI
rs941823,13,40439840,T,C,T // CEU /// T // CHB /// T // JPT /// T // YRI,0.2374 // CEU /// 0.1456 // CHB /// 0.0962 // JPT /// 0.2083 // YRI
rs7725052,5,40487168,C,T,C // CEU /// T // CHB /// T // JPT /// T // YRI,0.3687 // CEU /// 0.1845 // CHB /// 0.1683 // JPT /// 0.4028 // YRI
rs10440635,5,40490688,G,A,G // CEU /// A // CHB /// A // JPT /// G // YRI,0.3687 // CEU /// 0.1845 // CHB /// 0.1683 // JPT /// 0.4352 // YRI
rs12942547,17,42375526,A,G,G // CEU /// G // CHB /// G // JPT /// G // YRI,0.4444 // CEU /// 0.3252 // CHB /// 0.4087 // JPT /// 0.4444 // YRI
rs6561151,13,43910570,G,A,A // CEU /// A // CHB /// A // JPT /// A // YRI,0.2273 // CEU /// 0.2913 // CHB /// 0.3077 // JPT /// 0.3657 // YRI
rs7282490,21,44195858,G,A,G // CEU /// A // CHB /// A // JPT /// G // YRI,0.3838 // CEU /// 0.4175 // CHB /// 0.3654 // JPT /// 0.2083 // YRI
rs4812833,20,44440356,G,A,G // CEU /// G // CHB /// G // JPT /// G // YRI,0.4394 // CEU /// 0.0728 // CHB /// 0.0240 // JPT /// 0.2824 // YRI
rs17095830,12,45381125,A,G,G // CEU /// G // CHB /// G // JPT /// G // YRI,0.0152 // CEU /// 0.1845 // CHB /// 0.2837 // JPT /// 0.1852 // YRI
rs1883832,20,46118343,T,C,T // CEU /// T // CHB /// T // JPT /// T // YRI,0.2323 // CEU /// 0.2913 // CHB /// 0.4663 // JPT /// 0.0093 // YRI
rs4802307,19,46346549,G,T,T // CEU /// T // CHB /// T // JPT /// T // YRI,0.2727 // CEU /// 0.0243 // CHB /// 0.0769 // JPT /// 0.0417 // YRI
rs8070463,17,47691470,T,C,T // CEU /// C // CHB /// C // JPT /// T // YRI,0.5000 // CEU /// 0.4272 // CHB /// 0.4567 // JPT /// 0.3148 // YRI
rs11168249,12,47814585,T,C,T // CEU /// C // CHB /// C // JPT /// T // YRI,0.5000 // CEU /// 0.0583 // CHB /// 0.1106 // JPT /// 0.3519 // YRI
rs602662,19,48703728,G,A,G // CEU /// A // CHB /// A // JPT /// G // YRI,0.4141 // CEU /// 0.0146 // CHB /// 0.0000 // JPT /// 0.4583 // YRI
rs4625,3,49534707,A,G,G // CEU /// G // CHB /// G // JPT /// G // YRI,0.2828 // CEU /// 0.0874 // CHB /// 0.1202 // JPT /// 0.2593 // YRI
rs3197999,3,49684099,G,A,A // CEU /// A // CHB /// A // JPT /// A // YRI,0.2576 // CEU /// 0.0583 // CHB /// 0.0817 // JPT /// 0.2130 // YRI
rs12718244,7,50136058,G,A,A // CEU /// A // CHB /// A // JPT /// A // YRI,0.4545 // CEU /// 0.1699 // CHB /// 0.1875 // JPT /// 0.1852 // YRI
rs77150043,16,50270338,C,T,T // CEU /// T // CHB /// T // JPT /// T // YRI,0.2576 // CEU /// 0.0000 // CHB /// 0.0000 // JPT /// 0.0509 // YRI
rs117372389,16,50634166,G,T,T // CEU /// T // CHB /// T // JPT /// T // YRI,0.0253 // CEU /// 0.0000 // CHB /// 0.0000 // JPT /// 0.0000 // YRI
rs1689510,12,56002984,G,C,C // CEU /// C // CHB /// C // JPT /// C // YRI,0.3131 // CEU /// 0.2476 // CHB /// 0.2163 // JPT /// 0.0741 // YRI
rs71624119,5,56144903,G,A,A // CEU /// A // CHB /// A // JPT /// A // YRI,0.2374 // CEU /// 0.0000 // CHB /// 0.0529 // JPT /// 0.0139 // YRI
rs7731626,5,56148856,G,A,A // CEU /// A // CHB /// A // JPT /// A // YRI,0.3687 // CEU /// 0.0777 // CHB /// 0.1298 // JPT /// 0.1620 // YRI
rs3853824,17,56803632,T,C,T // CEU /// T // CHB /// T // JPT /// T // YRI,0.3838 // CEU /// 0.1650 // CHB /// 0.2260 // JPT /// 0.3009 // YRI
rs11229555,11,58641214,G,T,T // CEU /// T // CHB /// T // JPT /// T // YRI,0.2727 // CEU /// 0.2184 // CHB /// 0.2115 // JPT /// 0.1991 // YRI
rs259964,20,59249254,A,G,A // CEU /// A // CHB /// A // JPT /// G // YRI,0.4343 // CEU /// 0.0971 // CHB /// 0.0577 // JPT /// 0.3194 // YRI
rs7608910,2,60977721,A,G,G // CEU /// G // CHB /// G // JPT /// G // YRI,0.3535 // CEU /// 0.0437 // CHB /// 0.0673 // JPT /// 0.4213 // YRI
rs11230563,11,61008737,C,T,T // CEU /// T // CHB /// T // JPT /// C // YRI,0.3535 // CEU /// 0.1311 // CHB /// 0.1490 // JPT /// 0.3380 // YRI
rs10865331,2,62324337,A,G,A // CEU /// A // CHB /// A // JPT /// G // YRI,0.2879 // CEU /// 0.4126 // CHB /// 0.2644 // JPT /// 0.4259 // YRI
rs10995271,10,62678726,G,C,C // CEU /// G // CHB /// C // JPT /// C // YRI,0.4394 // CEU /// 0.3786 // CHB /// 0.4375 // JPT /// 0.1389 // YRI
rs10822050,10,62679011,T,C,C // CEU /// T // CHB /// C // JPT /// C // YRI,0.4394 // CEU /// 0.3641 // CHB /// 0.4615 // JPT /// 0.1806 // YRI
rs2738774,20,63637985,G,A,A // CEU /// G // CHB /// G // JPT /// A // YRI,0.3687 // CEU /// 0.4709 // CHB /// 0.4808 // JPT /// 0.0185 // YRI
rs6062496,20,63697746,G,A,G // CEU /// A // CHB /// A // JPT /// A // YRI,0.4444 // CEU /// 0.1456 // CHB /// 0.1587 // JPT /// 0.4907 // YRI
rs559928,11,64382898,T,C,T // CEU /// T // CHB /// T // JPT /// T // YRI,0.1919 // CEU /// 0.1165 // CHB /// 0.1490 // JPT /// 0.4167 // YRI
rs17030062,2,65234591,G,A,A // CEU /// A // CHB /// A // JPT /// A // YRI,0.0051 // CEU /// 0.3592 // CHB /// 0.4231 // JPT /// 0.0000 // YRI
rs568617,11,65885771,C,T,T // CEU /// T // CHB /// T // JPT /// C // YRI,0.2323 // CEU /// 0.4854 // CHB /// 0.3462 // JPT /// 0.4907 // YRI
rs17293632,15,67150258,C,T,T // CEU /// T // CHB /// T // JPT /// T // YRI,0.2020 // CEU /// 0.0243 // CHB /// 0.0240 // JPT /// 0.0278 // YRI
rs72743477,15,67171953,A,G,G // CEU /// G // CHB /// G // JPT /// G // YRI,0.1970 // CEU /// 0.0243 // CHB /// 0.0096 // JPT /// 0.0370 // YRI
rs11580078,1,67203951,C,G,G // CEU /// G // CHB /// G // JPT /// G // YRI,0.4545 // CEU /// 0.4029 // CHB /// 0.3894 // JPT /// 0.0972 // YRI
rs7517847,1,67215986,T,G,G // CEU /// G // CHB /// G // JPT /// G // YRI,0.4444 // CEU /// 0.4466 // CHB /// 0.4087 // JPT /// 0.0926 // YRI
rs11209026,1,67240275,G,A,A // CEU /// A // CHB /// A // JPT /// A // YRI,0.0505 // CEU /// 0.0000 // CHB /// 0.0000 // JPT /// 0.0046 // YRI
rs80174646,1,67242472,G,T,T // CEU /// T // CHB /// T // JPT /// T // YRI,0.0556 // CEU /// 0.0000 // CHB /// 0.0000 // JPT /// 0.0231 // YRI
rs10889676,1,67256884,C,A,A // CEU /// C // CHB /// C // JPT /// A // YRI,0.2879 // CEU /// 0.3010 // CHB /// 0.3269 // JPT /// 0.1157 // YRI
rs12141575,1,67281753,G,A,A // CEU /// A // CHB /// A // JPT /// A // YRI,0.3030 // CEU /// 0.4951 // CHB /// 0.4135 // JPT /// 0.2593 // YRI
rs11614178,12,68114342,G,A,A // CEU /// A // CHB /// A // JPT /// A // YRI,0.4040 // CEU /// 0.0000 // CHB /// 0.0000 // JPT /// 0.0370 // YRI
rs2429929,17,71725783,A,T,T // CEU /// T // CHB /// T // JPT /// A // YRI,0.0000 // CEU /// 0.1214 // CHB /// 0.1058 // JPT /// 0.4907 // YRI
rs4703855,5,72398072,C,T,T // CEU /// C // CHB /// T // JPT /// T // YRI,0.3434 // CEU /// 0.3641 // CHB /// 0.4904 // JPT /// 0.0093 // YRI
rs17780256,17,72646784,A,C,C // CEU /// C // CHB /// C // JPT /// C // YRI,0.2020 // CEU /// 0.1117 // CHB /// 0.1683 // JPT /// 0.0926 // YRI
rs34804116,5,73244023,C,A,A // CEU /// A // CHB /// A // JPT /// C // YRI,0.3687 // CEU /// 0.1990 // CHB /// 0.1587 // JPT /// 0.3519 // YRI
rs1569328,14,75275048,C,T,T // CEU /// T // CHB /// T // JPT /// T // YRI,0.1414 // CEU /// 0.2864 // CHB /// 0.2837 // JPT /// 0.0000 // YRI
rs11236797,11,76588605,C,A,A // CEU /// A // CHB /// A // JPT /// A // YRI,0.4495 // CEU /// 0.4272 // CHB /// 0.3125 // JPT /// 0.1620 // YRI
rs1250573,10,79282718,G,A,A // CEU /// A // CHB /// A // JPT /// A // YRI,0.3384 // CEU /// 0.4320 // CHB /// 0.3317 // JPT /// 0.0000 // YRI
rs1250563,10,79287626,G,C,C // CEU /// C // CHB /// C // JPT /// C // YRI,0.3283 // CEU /// 0.3544 // CHB /// 0.3365 // JPT /// 0.0370 // YRI
rs1250550,10,79300560,C,A,A // CEU /// A // CHB /// A // JPT /// A // YRI,0.3838 // CEU /// 0.4223 // CHB /// 0.4712 // JPT /// 0.0926 // YRI
rs7236492,18,79460616,C,T,T // CEU /// T // CHB /// T // JPT /// T // YRI,0.1515 // CEU /// 0.0000 // CHB /// 0.0000 // JPT /// 0.0000 // YRI
rs4389526,4,80025321,T,A,T // CEU /// T // CHB /// T // JPT /// A // YRI,0.4444 // CEU /// 0.0631 // CHB /// 0.0673 // JPT /// 0.3056 // YRI
rs4333130,4,80028675,C,T,C // CEU /// C // CHB /// C // JPT /// T // YRI,0.4444 // CEU /// 0.0631 // CHB /// 0.0673 // JPT /// 0.3056 // YRI
rs7097656,10,80491075,T,C,T // CEU /// T // CHB /// T // JPT /// T // YRI,0.1919 // CEU /// 0.0146 // CHB /// 0.0144 // JPT /// 0.0093 // YRI
rs2066363,1,81771892,C,T,C // CEU /// C // CHB /// C // JPT /// C // YRI,0.3586 // CEU /// 0.0097 // CHB /// 0.0000 // JPT /// 0.2130 // YRI
rs4552569,5,83877774,C,T,C // CEU /// C // CHB /// C // JPT /// C // YRI,0.2172 // CEU /// 0.2913 // CHB /// 0.2837 // JPT /// 0.2083 // YRI
rs1800682,10,88990206,A,G,G // CEU /// G // CHB /// A // JPT /// A // YRI,0.3838 // CEU /// 0.3835 // CHB /// 0.4808 // JPT /// 0.1991 // YRI
rs1847472,6,90263440,C,A,A // CEU /// A // CHB /// A // JPT /// A // YRI,0.3434 // CEU /// 0.0534 // CHB /// 0.0385 // JPT /// 0.1019 // YRI
rs72928038,6,90267049,G,A,A // CEU /// A // CHB /// A // JPT /// A // YRI,0.1818 // CEU /// 0.0000 // CHB /// 0.0000 // JPT /// 0.0000 // YRI
rs30187,5,96788627,T,C,T // CEU /// T // CHB /// T // JPT /// T // YRI,0.3131 // CEU /// 0.4951 // CHB /// 0.4519 // JPT /// 0.4167 // YRI
rs4869313,5,96888176,T,G,T // CEU /// T // CHB /// T // JPT /// T // YRI,0.4545 // CEU /// 0.3786 // CHB /// 0.4712 // JPT /// 0.3194 // YRI
rs9297145,7,99161494,C,A,C // CEU /// C // CHB /// C // JPT /// A // YRI,0.2980 // CEU /// 0.1019 // CHB /// 0.1106 // JPT /// 0.3611 // YRI
rs11190133,10,99518968,C,T,T // CEU /// T // CHB /// T // JPT /// T // YRI,0.2828 // CEU /// 0.3981 // CHB /// 0.3702 // JPT /// 0.0880 // YRI
rs10748781,10,99523573,C,A,C // CEU /// C // CHB /// C // JPT /// C // YRI,0.4444 // CEU /// 0.3835 // CHB /// 0.2692 // JPT /// 0.0741 // YRI
rs2310173,2,102047167,T,G,T // CEU /// T // CHB /// T // JPT /// T // YRI,0.4394 // CEU /// 0.3641 // CHB /// 0.3221 // JPT /// 0.1111 // YRI
rs2075184,2,102464132,T,C,T // CEU /// T // CHB /// T // JPT /// T // YRI,0.2071 // CEU /// 0.4854 // CHB /// 0.3894 // JPT /// 0.0602 // YRI
rs3774937,4,102513096,T,C,C // CEU /// C // CHB /// C // JPT /// C // YRI,0.3283 // CEU /// 0.3447 // CHB /// 0.3510 // JPT /// 0.0093 // YRI
rs4946717,6,106026874,C,T,T // CEU /// C // CHB /// C // JPT /// C // YRI,0.4495 // CEU /// 0.2184 // CHB /// 0.2644 // JPT /// 0.2222 // YRI
rs11839053,13,106410694,T,C,C // CEU /// C // CHB /// C // JPT /// C // YRI,0.0303 // CEU /// 0.0000 // CHB /// 0.0000 // JPT /// 0.1389 // YRI
rs6466198,7,107839681,A,T,A // CEU /// A // CHB /// A // JPT /// A // YRI,0.4192 // CEU /// 0.1408 // CHB /// 0.0769 // JPT /// 0.2407 // YRI
rs13210693,6,109277761,G,A,A // CEU /// G // CHB /// G // JPT /// G // YRI,0.4747 // CEU /// 0.4563 // CHB /// 0.4279 // JPT /// 0.0880 // YRI
rs4561177,11,110091706,A,G,G // CEU /// A // CHB /// A // JPT /// G // YRI,0.3687 // CEU /// 0.3932 // CHB /// 0.4038 // JPT /// 0.2222 // YRI
rs3184504,12,111446804,T,C,T // CEU /// T // CHB /// T // JPT /// T // YRI,0.4495 // CEU /// 0.0097 // CHB /// 0.0000 // JPT /// 0.0000 // YRI
rs6679677,1,113761186,C,A,A // CEU /// A // CHB /// A // JPT /// A // YRI,0.1162 // CEU /// 0.0000 // CHB /// 0.0000 // JPT /// 0.0000 // YRI
rs2476601,1,113834946,A,G,A // CEU /// A // CHB /// A // JPT /// A // YRI,0.1162 // CEU /// 0.0000 // CHB /// 0.0000 // JPT /// 0.0000 // YRI
rs661054,11,114559688,A,G,G // CEU /// A // CHB /// A // JPT /// A // YRI,0.2677 // CEU /// 0.3641 // CHB /// 0.3510 // JPT /// 0.4537 // YRI
rs7848647,9,114806766,T,C,T // CEU /// T // CHB /// T // JPT /// T // YRI,0.3889 // CEU /// 0.4903 // CHB /// 0.3846 // JPT /// 0.0648 // YRI
rs726657,9,114934056,C,T,T // CEU /// T // CHB /// T // JPT /// C // YRI,0.3737 // CEU /// 0.2621 // CHB /// 0.3029 // JPT /// 0.2407 // YRI
rs4986790,9,117713024,A,G,G // CEU /// G // CHB /// G // JPT /// G // YRI,0.0404 // CEU /// 0.0000 // CHB /// 0.0000 // JPT /// 0.0370 // YRI
rs62324212,4,122639784,C,A,A // CEU /// C // CHB /// A // JPT /// A // YRI,0.4394 // CEU /// 0.4806 // CHB /// 0.4663 // JPT /// 0.2731 // YRI
rs9491891,6,127956006,A,G,G // CEU /// G // CHB /// G // JPT /// G // YRI,0.1667 // CEU /// 0.0000 // CHB /// 0.0000 // JPT /// 0.0139 // YRI
rs7933433,11,128324555,G,T,T // CEU /// T // CHB /// T // JPT /// G // YRI,0.3788 // CEU /// 0.3204 // CHB /// 0.2260 // JPT /// 0.3472 // YRI
rs11221332,11,128511079,C,T,T // CEU /// T // CHB /// T // JPT /// T // YRI,0.2172 // CEU /// 0.0534 // CHB /// 0.0288 // JPT /// 0.0602 // YRI
rs6651252,8,128554935,T,C,C // CEU /// C // CHB /// C // JPT /// C // YRI,0.1162 // CEU /// 0.0291 // CHB /// 0.0096 // JPT /// 0.3750 // YRI
rs4728142,7,128933913,G,A,A // CEU /// A // CHB /// A // JPT /// A // YRI,0.3939 // CEU /// 0.1214 // CHB /// 0.1010 // JPT /// 0.2361 // YRI
rs10988542,9,129894985,G,C,C // CEU /// C // CHB /// C // JPT /// C // YRI,0.1566 // CEU /// 0.0534 // CHB /// 0.0433 // JPT /// 0.0000 // YRI
rs17622378,5,132442760,A,G,G // CEU /// G // CHB /// G // JPT /// G // YRI,0.3889 // CEU /// 0.0000 // CHB /// 0.0000 // JPT /// 0.0046 // YRI
rs11741255,5,132475490,G,A,A // CEU /// A // CHB /// A // JPT /// A // YRI,0.3788 // CEU /// 0.0534 // CHB /// 0.0000 // JPT /// 0.0046 // YRI
rs10781500,9,136374886,C,T,T // CEU /// T // CHB /// T // JPT /// T // YRI,0.4949 // CEU /// 0.2864 // CHB /// 0.2788 // JPT /// 0.2546 // YRI
rs3124998,9,136494980,C,T,T // CEU /// T // CHB /// T // JPT /// T // YRI,0.0253 // CEU /// 0.2670 // CHB /// 0.2260 // JPT /// 0.0000 // YRI
rs2807264,X,136583619,C,A,C // CEU /// C // CHB /// C // JPT /// C // YRI,0.2100 // CEU /// 0.1404 // CHB /// 0.1667 // JPT /// 0.2589 // YRI
rs12863738,X,136949968,C,T,T // CEU /// T // CHB /// C // JPT /// T // YRI,0.1500 // CEU /// 0.4035 // CHB /// 0.5000 // JPT /// 0.0089 // YRI
rs7831697,8,137124061,T,G,G // CEU /// T // CHB /// T // JPT /// T // YRI,0.2677 // CEU /// 0.3689 // CHB /// 0.3558 // JPT /// 0.2593 // YRI
rs582757,6,137876687,C,T,C // CEU /// C // CHB /// C // JPT /// C // YRI,0.3182 // CEU /// 0.1019 // CHB /// 0.0481 // JPT /// 0.3102 // YRI
rs6863411,5,142133639,A,T,A // CEU /// A // CHB /// A // JPT /// A // YRI,0.3687 // CEU /// 0.3495 // CHB /// 0.3077 // JPT /// 0.2037 // YRI
rs2538470,7,148523356,A,G,A // CEU /// A // CHB /// A // JPT /// A // YRI,0.3838 // CEU /// 0.1262 // CHB /// 0.2067 // JPT /// 0.4815 // YRI
rs4845604,1,151829204,G,A,A // CEU /// A // CHB /// A // JPT /// A // YRI,0.1313 // CEU /// 0.0340 // CHB /// 0.0385 // JPT /// 0.2639 // YRI
rs4129267,1,154453788,C,T,T // CEU /// T // CHB /// T // JPT /// T // YRI,0.3485 // CEU /// 0.3786 // CHB /// 0.3606 // JPT /// 0.0648 // YRI
rs2451258,6,159085568,C,T,C // CEU /// C // CHB /// C // JPT /// C // YRI,0.3889 // CEU /// 0.0777 // CHB /// 0.0144 // JPT /// 0.0556 // YRI
rs4921482,5,159337470,T,C,C // CEU /// C // CHB /// C // JPT /// C // YRI,0.3131 // CEU /// 0.3786 // CHB /// 0.4327 // JPT /// 0.2870 // YRI
rs6556411,5,159356215,G,T,G // CEU /// G // CHB /// G // JPT /// G // YRI,0.2778 // CEU /// 0.1311 // CHB /// 0.0625 // JPT /// 0.0556 // YRI
rs6556416,5,159391737,A,C,A // CEU /// A // CHB /// A // JPT /// A // YRI,0.2778 // CEU /// 0.1311 // CHB /// 0.1010 // JPT /// 0.1250 // YRI
rs56167332,5,159400761,C,A,A // CEU /// A // CHB /// A // JPT /// A // YRI,0.3535 // CEU /// 0.3155 // CHB /// 0.3510 // JPT /// 0.1759 // YRI
rs755374,5,159402286,C,T,T // CEU /// T // CHB /// T // JPT /// T // YRI,0.3333 // CEU /// 0.3155 // CHB /// 0.3654 // JPT /// 0.1759 // YRI
rs12188300,5,159402519,A,T,T // CEU /// T // CHB /// T // JPT /// T // YRI,0.1061 // CEU /// 0.0049 // CHB /// 0.0000 // JPT /// 0.0000 // YRI
rs1801274,1,161509955,A,G,G // CEU /// G // CHB /// G // JPT /// A // YRI,0.4848 // CEU /// 0.3350 // CHB /// 0.1923 // JPT /// 0.4769 // YRI
rs2111485,2,162254026,A,G,A // CEU /// G // CHB /// G // JPT /// G // YRI,0.3889 // CEU /// 0.1408 // CHB /// 0.1923 // JPT /// 0.0926 // YRI
rs35667974,2,162268127,T,C,C // CEU /// C // CHB /// C // JPT /// C // YRI,0.0101 // CEU /// 0.0000 // CHB /// 0.0000 // JPT /// 0.0000 // YRI
rs3747517,2,162272314,T,C,T // CEU /// C // CHB /// C // JPT /// T // YRI,0.2071 // CEU /// 0.2816 // CHB /// 0.3798 // JPT /// 0.3843 // YRI
rs2301436,6,167024500,C,T,T // CEU /// T // CHB /// T // JPT /// T // YRI,0.4394 // CEU /// 0.3835 // CHB /// 0.3413 // JPT /// 0.3796 // YRI
rs34884278,1,172869708,C,T,C // CEU /// T // CHB /// T // JPT /// C // YRI,0.2677 // CEU /// 0.1214 // CHB /// 0.0577 // JPT /// 0.3565 // YRI
rs6425143,1,172875212,T,G,G // CEU /// T // CHB /// T // JPT /// G // YRI,0.2071 // CEU /// 0.1359 // CHB /// 0.0721 // JPT /// 0.3565 // YRI
rs1018326,2,181143073,T,C,C // CEU /// T // CHB /// T // JPT /// T // YRI,0.4697 // CEU /// 0.2621 // CHB /// 0.2308 // JPT /// 0.4676 // YRI
rs7660520,4,182824168,G,A,A // CEU /// A // CHB /// A // JPT /// A // YRI,0.2020 // CEU /// 0.4709 // CHB /// 0.4327 // JPT /// 0.4167 // YRI
rs6689858,1,197406337,T,C,C // CEU /// C // CHB /// C // JPT /// T // YRI,0.3131 // CEU /// 0.2136 // CHB /// 0.1971 // JPT /// 0.3519 // YRI
rs1405108,2,198880294,C,A,C // CEU /// C // CHB /// C // JPT /// A // YRI,0.2879 // CEU /// 0.2379 // CHB /// 0.2212 // JPT /// 0.3843 // YRI
rs2816958,1,200132792,A,G,A // CEU /// A // CHB /// A // JPT /// A // YRI,0.0960 // CEU /// 0.0049 // CHB /// 0.0000 // JPT /// 0.3657 // YRI
rs2297909,1,200991179,G,A,A // CEU /// A // CHB /// A // JPT /// A // YRI,0.3283 // CEU /// 0.2767 // CHB /// 0.1827 // JPT /// 0.2315 // YRI
rs7426056,2,203747335,A,G,A // CEU /// A // CHB /// A // JPT /// A // YRI,0.2222 // CEU /// 0.0971 // CHB /// 0.0529 // JPT /// 0.1065 // YRI
rs55705316,1,206760172,T,G,G // CEU /// G // CHB /// G // JPT /// G // YRI,0.2020 // CEU /// 0.0000 // CHB /// 0.0000 // JPT /// 0.0046 // YRI
rs11676348,2,218145423,C,T,T // CEU /// T // CHB /// T // JPT /// C // YRI,0.3990 // CEU /// 0.3738 // CHB /// 0.2837 // JPT /// 0.3565 // YRI
rs7556897,2,227795396,C,T,C // CEU /// C // CHB /// C // JPT /// C // YRI,0.3485 // CEU /// 0.2039 // CHB /// 0.2115 // JPT /// 0.3287 // YRI
rs36001488,2,233276621,C,T,C // CEU /// T // CHB /// T // JPT /// T // YRI,0.4394 // CEU /// 0.3786 // CHB /// 0.2019 // JPT /// 0.2546 // YRI
rs4676410,2,240624322,G,A,A // CEU /// A // CHB /// A // JPT /// A // YRI,0.2273 // CEU /// 0.3544 // CHB /// 0.2500 // JPT /// 0.3657 // YRI
rs3749171,2,240630275,C,T,T // CEU /// T // CHB /// T // JPT /// T // YRI,0.2020 // CEU /// 0.1408 // CHB /// 0.0673 // JPT /// 0.2315 // YRI
rs4676406,2,240639691,G,T,G // CEU /// G // CHB /// G // JPT /// T // YRI,0.4444 // CEU /// 0.0583 // CHB /// 0.0337 // JPT /// 0.4444 // YRI
rs35320439,2,241797926,T,C,C // CEU /// C // CHB /// C // JPT /// T // YRI,0.3384 // CEU /// 0.2816 // CHB /// 0.4663 // JPT /// 0.1296 // YRI
rs6697886,1,1238231,G,A,,
rs2234161,1,2559766,C,T,,
rs6600247,1,24978623,T,C,,
rs6693105,1,152618187,T,C,,
rs4971079,1,155157915,G,A,,
rs1333062,1,160876494,T,G,,
rs10800314,1,161502999,C,A,,
rs79568124,1,161533059,A,G,,
rs508063,1,169954535,A,G,,
rs16841904,1,197732862,C,T,,
rs41299637,1,200908722,T,G,,
rs12131796,1,200909599,G,A,,
rs3024493,1,206770623,C,A,,
rs12075255,1,206788283,A,G,,
rs12758027,1,210621464,T,C,,
rs2666218,2,9262859,A,G,,
rs702872,2,60854175,C,T,,
rs4672505,2,62333197,A,G,,
rs13001372,2,62341086,A,G,,
rs6759298,2,62341310,G,C,,
rs11675538,2,65459327,C,T,,
rs4851529,2,102030838,G,A,,
rs2192752,2,102152913,G,T,,
rs871656,2,102154822,T,A,,
rs12987977,2,102358876,T,G,,
rs10171979,2,112065743,C,A,,
rs12615545,2,181183725,T,C,,
rs6434978,2,198702963,C,T,,
rs35300242,2,233260144,G,A,,
rs76412624,3,18145113,A,G,,
rs73178598,3,18763719,T,C,,
rs10510607,3,28244770,C,T,,
rs1001007,3,46387167,A,G,,
rs6781808,3,137722530,T,C,,
rs11098964,4,79966815,A,G,,
rs13107612,4,101818823,C,T,,
rs59867199,4,122531076,C,T,,
rs13132308,4,122629959,A,G,,
rs11750385,5,10521556,G,T,,
rs11742270,5,35881341,G,A,,
rs353339,5,40201698,C,A,,
rs11749040,5,40396323,G,A,,
rs1992661,5,40414887,G,A,,
rs9687958,5,40496321,G,T,,
rs12186979,5,40524758,A,G,,
rs2032890,5,96785448,A,C,,
rs469758,5,96786011,C,T,,
rs27529,5,96790605,A,G,,
rs27434,5,96793809,A,G,,
rs10045403,5,96812030,A,G,,
rs2549803,5,96839226,C,T,,
rs2910686,5,96916885,T,C,,
rs1004234,5,132421409,A,G,,
rs11749391,5,150849504,T,C,,
rs74817271,5,151090412,G,A,,
rs6871626,5,159399784,C,A,,
rs72812861,5,173960506,T,C,,
rs714830,6,20624151,A,G,,
rs2328530,6,20643496,G,A,,
rs2516514,6,31479358,T,C,,
rs17765610,6,89956054,A,G,,
rs928722,6,137652695,C,T,,
rs75547560,7,5059438,A,C,,
rs1525735,7,17157947,C,T,,
rs2069835,7,22728252,T,C,,
rs28550029,7,26832962,C,T,,
rs860262,7,28154778,C,A,,
rs10280089,7,38667217,C,A,,
rs7784778,7,46912235,C,T,,
rs4917129,7,50283578,T,C,,
rs7805114,7,107809588,T,G,,
rs2402752,7,124799545,T,C,,
rs55688811,7,147641371,T,G,,
rs1013210,8,24259209,G,A,,
rs10093384,8,87623714,G,A,,
rs1551399,8,125527723,A,C,,
rs2042011,8,128215706,A,G,,
rs10758669,9,4981602,C,A,,
rs7857730,9,5084049,G,T,,
rs4246905,9,114790969,T,C,,
rs7468800,9,114829725,C,A,,
rs1128905,9,136359387,T,C,,
rs11145763,9,136369144,A,C,,
rs10870077,9,136369439,C,G,,
rs3118471,10,6060794,A,G,,
rs2236379,10,6485181,G,A,,
rs10761648,10,62594503,C,T,,
rs7915475,10,62621908,A,G,,
rs2031610,10,88994730,T,C,,
rs2497318,10,92672243,C,T,,
rs1332099,10,99538694,T,C,,
rs10743181,11,2208529,A,G,,
rs10750899,11,58517478,G,A,,
rs174535,11,61783884,T,C,,
rs497871,11,114476929,A,G,,
rs11221322,11,128476898,T,C,,
rs7313895,12,40350592,G,T,,
rs12369214,12,106804833,G,A,,
rs11065898,12,111424771,C,T,,
rs2026029,13,49021195,A,G,,
rs9554587,13,99388400,A,G,,
rs8006884,14,35094005,T,C,,
rs12879003,14,35359535,T,G,,
rs2145623,14,35370030,G,C,,
rs11624293,14,88022477,T,C,,
rs8036083,15,101227617,T,G,,
rs8061882,16,11067551,G,C,,
rs11649613,16,11225500,C,T,,
rs12932970,16,85970504,T,C,,
rs11117431,16,85981710,A,G,,
rs6502398,17,14832175,A,C,,
rs2297518,17,27769571,G,A,,
rs9797244,17,27770105,T,C,,
rs7217335,17,27771755,G,A,,
rs2274894,17,27772145,T,G,,
rs2779255,17,27810514,C,T,,
rs2531875,17,27821141,G,T,,
rs35736272,17,39876427,T,C,,
rs9901869,17,47497840,G,A,,
rs12943464,17,47612985,A,T,,
rs1292035,17,59912196,G,A,,
rs196941,17,64069832,G,C,,
rs62097857,18,12857759,G,A,,
rs12968719,18,12879467,G,A,,
rs66504140,18,69894282,G,A,,
rs587259,19,34165501,C,T,,
rs679574,19,48702851,C,G,,
rs1328454,20,49823486,T,C,,
rs2823288,21,15448569,G,A,,
rs7281081,21,28099170,G,T,,
rs1893592,21,42434957,A,C,,
rs235316,21,44852190,A,T,,
rs1569414,22,45331684,T,G,,
rs11306716,3,7295668,,,,
rs34670647,17,27295723,,,,
rs5743293,17,71725783,,,,
rs117486637,7,147641371,,,,
rs116046827,3,49618715,,,,
rs4456788,21,44196441,,,,
rs5757584,22,39266545,,,,
rs10094579,8,89837077,,,,
rs34939008,4,23344561,,,,
rs76913543,10,6000052,,,,
rs35018800,19,10354167,,,,
rs10000518,4,11502867,,,,
rs72871627,2,162280432,,,,
rs72977586,19,1186317,,,,
rs61752717,16,3243407,,,,
rs78973538,1,155224224,,,,
rs17229679,2,198696033,,,,
rs4876208,8,2191959,,,,
rs2227551,10,73909432,,,,
rs2357623,16,50660100,,,,
rs72796367,16,50728860,,,,
rs111305875,6,167098098,,,,
rs7874251,9,75888242,,,,
rs114202211,1,113943285,,,,
rs17622517,5,132467845,,,,
rs141992399,9,136365140,,,,
rs77981966,2,43550825,,,,
rs201014116,2,25278036,,,,
rs7195296,16,11655918,,,,
rs7298011,12,25890592,,,,
rs28701841,6,106082455,,,,
rs183686347,1,67237759,,,,
rs7115956,11,110085620,,,,
rs148783236,15,50492819,,,,
rs79493594,20,44561731,,,,
rs61802846,1,161504083,,,,
rs35074907,19,10489742,,,,
rs12694846,2,230283413,,,,
rs9494840,6,137641937,,,,
rs13093489,3,27753416,,,,
rs11691685,2,144724260,,,,
rs2066845,16,50722629,,,,
rs13388357,2,162465025,,,,
rs35874463,15,67165360,,,,
rs1580226,22,34413463,,,,
rs67412457,16,1475709,,,,
rs9947182,18,49727534,,,,
rs30187 x rs116488202,5 x 6,96788627 x 31377139,,,,
rs10045403 x rs116488202,5 x 6,96812030 x 31377139,,,,
rs115879499,7,5059438,,,,
rs6793285,3,7295668,,,,
rs11871012,17,27295723,,,,
